id;название;команда;тип;значение;описание
pipe;Стальная труба;pipe;weapon;3;Простая металлическая труба.
fuse;Силовой предохранитель;fuse;quest;0;Нужен для запуска реактора.
medkit_storage;Аптечка;medkit;heal;15;Восстанавливает 15 HP.
wrench;Гаечный ключ;wrench;weapon;5;Тяжёлый инструмент из мастерской.
keycard;Карта доступа;keycard;key;0;Открывает дверь серверной.
medkit_lab;Аптечка;medkit;heal;15;Восстанавливает 15 HP.
admin_token;Служебный токен;token;quest;0;Нужен для снятия блокировки станции.
baton;Электрошоковая дубинка;baton;weapon;7;Оружие охраны станции.
elevator_key;Ключ лифта;elevator_key;key;0;Запускает аварийный лифт.
